{
    "CIM": {
        "execution_time": 0.4743380546569824,
        "seed": 3456686513,
        "ising_model_calculation_time": 0.0,
        "best_spins_per_run": [[-1.0, 1.0, 1.0]],
        "best_spins": [-1.0, 1.0, 1.0],
        "lowest_energy_per_run": [-3.243643045425415],
        "lowest_energy": -3.243643045425415,
        "average_energy": -3.243643045425415,
        "best_fitness_value_per_run": [0.1451980608419839],
        "best_fitness_value": 0.1451980608419839,
        "average_fitness_value": 0.1451980608419839,
        "best_selected_test_case_per_run": [[0]],
        "best_selected_test_case": [0]
    },
    "BruteForce": {
        "execution_time": 0.0015070438385009766,
        "seed": 101304472,
        "ising_model_calculation_time": 0.0,
        "best_spins_per_run": [[-1.0, 1.0, 1.0]],
        "best_spins": [-1.0, 1.0, 1.0],
        "lowest_energy_per_run": [-3.243643045425415],
        "lowest_energy": -3.243643045425415,
        "average_energy": -3.243643045425415,
        "best_fitness_value_per_run": [0.1451980608419839],
        "best_fitness_value": 0.1451980608419839,
        "average_fitness_value": 0.1451980608419839,
        "best_selected_test_case_per_run": [[0]],
        "best_selected_test_case": [0]
    }
}