{
    "CIM": {
        "execution_time": 2.9773108959198,
        "seed": 555174326,
        "ising_model_calculation_time": 0.0020036697387695312,
        "best_spins_per_run": [[-1.0, 1.0, 1.0]],
        "best_spins": [-1.0, 1.0, 1.0],
        "lowest_energy_per_run": [-3.243643045425415],
        "lowest_energy": -3.243643045425415,
        "average_energy": -3.243643045425415,
        "best_fitness_value_per_run": [0.1451980608419839],
        "best_fitness_value": 0.1451980608419839,
        "average_fitness_value": 0.1451980608419839,
        "best_selected_test_case_per_run": [[0]],
        "best_selected_test_case": [0]
    },
    "BruteForce": {
        "execution_time": 0.017005205154418945,
        "seed": 3187578979,
        "ising_model_calculation_time": 0.0020036697387695312,
        "best_spins_per_run": [[-1.0, 1.0, 1.0]],
        "best_spins": [-1.0, 1.0, 1.0],
        "lowest_energy_per_run": [-3.243643045425415],
        "lowest_energy": -3.243643045425415,
        "average_energy": -3.243643045425415,
        "best_fitness_value_per_run": [0.1451980608419839],
        "best_fitness_value": 0.1451980608419839,
        "average_fitness_value": 0.1451980608419839,
        "best_selected_test_case_per_run": [[0]],
        "best_selected_test_case": [0]
    }
}