{
    "best_fitness_value_per_run": [0.024004709144751, 0.024004709144751, 0.024004709144751, 0.024004709144751, 0.024004709144751, 0.024004709144751, 0.024004709144751, 0.024004709144751, 0.024004709144751, 0.024004709144751],
    "best_fitness_value": 0.024004709144751,
    "average_fitness_value": 0.024004709144751
}