{
    "best_fitness_value_per_run": [0.097473759219371, 0.097954559572262, 0.098377910745615, 0.097611625257455, 0.09802670663505, 0.09812073524294, 0.097668300785306, 0.09763012975005, 0.097628614446012, 0.098113353372265, 0.097983302723757, 0.097774295472182, 0.09763043513188, 0.097529977222401, 0.098011705705174, 0.097314323400933, 0.098681840325592, 0.09733279710274, 0.09818629523758, 0.097446339806926, 0.098026888226068, 0.097253375925207, 0.097475990372367, 0.09740544061621, 0.097463586806786, 0.097862356021814, 0.097304920081225, 0.098368219371145, 0.0975289522797, 0.098647336704855],
    "best_fitness_value": 0.097253375925207,
    "average_fitness_value": 0.09779446911869559
}