{
    "best_fitness_value_per_run": [0.096699123713008, 0.096699123713008, 0.096699123713008, 0.096699163489621, 0.096699123713008, 0.096699123713008, 0.096699163489621, 0.096699254614405, 0.096699123713008, 0.096699163489621, 0.096699474472069, 0.096699123713008, 0.096699163489621, 0.096699254614405, 0.096699123713008, 0.096699474472069, 0.096699254614405, 0.096699254614405, 0.096699123713008, 0.096699123713008, 0.096699163489621, 0.096699254614405, 0.096699254614405, 0.096699163489621, 0.096699123713008, 0.096699163489621, 0.096699123713008, 0.096699123713008, 0.096699163489621, 0.096699123713008],
    "best_fitness_value": 0.096699123713008,
    "average_fitness_value": 0.09669918388432161
}