{
    "best_fitness_value_per_run": [0.096699123713009, 0.096699123713009, 0.096699123713009, 0.096699123713009, 0.096699123713009, 0.096699123713009, 0.096699123713009, 0.096699123713009, 0.096699123713009, 0.096699123713009, 0.096699123713009, 0.096699123713009, 0.096699123713009, 0.096699123713009, 0.096699123713009, 0.096699123713009, 0.096699123713009, 0.096699123713009, 0.096699123713009, 0.096699123713009, 0.096699123713009, 0.096699123713009, 0.096699123713009, 0.096699123713009, 0.096699123713009, 0.096699123713009, 0.096699123713009, 0.096699123713009, 0.096699123713009, 0.096699123713009],
    "best_fitness_value": 0.096699123713009,
    "average_fitness_value": 0.09669912371300897
}