{
    "best_fitness_value_per_run": [0.235450019758487, 0.228447026196931, 0.230808099290715, 0.230185375799214, 0.227705026547112, 0.233826194207581, 0.230007093649942, 0.233706954069765, 0.229065036979705, 0.230374979305415, 0.22939852237278, 0.229408719843486, 0.230870405107378, 0.230986361703305, 0.229805193344775, 0.230804715771555, 0.230247052701708, 0.230859544643986, 0.233005641312529, 0.233240284967503, 0.231804144547654, 0.224302789037415, 0.231284624284214, 0.231127281837727, 0.231554195626838, 0.232606478618295, 0.231330199329506, 0.226438097223782, 0.235143915388373, 0.22980646207357],
    "best_fitness_value": 0.224302789037415,
    "average_fitness_value": 0.23078668118470816
}