{
    "best_fitness_value_per_run": [0.000173649229316, 0.000173649229316, 0.000173649229316, 0.000173649229316, 0.000173649229316, 0.000173649229316, 0.000173649229316, 0.000173649229316, 0.000173649229316, 0.000173649229316],
    "best_fitness_value": 0.000173649229316,
    "average_fitness_value": 0.00017364922931599998
}