{
    "best_fitness_value_per_run": [0.004280178111047, 0.004019568440671, 0.003612584537163, 0.003601159109449, 0.003949825284456, 0.004499243535596, 0.003631622722207, 0.003683600825614, 0.005262166457216, 0.003758976080939, 0.003669065434453, 0.003778775822251, 0.004371401219886, 0.003669243576979, 0.003595990480324, 0.004446479894812, 0.003643005232672, 0.003632810381408, 0.00362171119292, 0.003775274862566, 0.003606737002273, 0.00368256332038, 0.003685289139746, 0.003712816246421, 0.003723544095239, 0.004229375497413, 0.003711554684709, 0.004003735107448, 0.003589280991939, 0.003843215432134],
    "best_fitness_value": 0.003589280991939,
    "average_fitness_value": 0.0038763598240110345
}