{
    "best_fitness_value_per_run": [0.003558040347176, 0.003558040347176, 0.003558040347176, 0.003558040347176, 0.003558040347176, 0.003558040347176, 0.003558040347176, 0.003558040347176, 0.003558040347176, 0.003558040347176, 0.003558040347176, 0.003558040347176, 0.003558040347176, 0.003558040347176, 0.003558040347176, 0.003558040347176, 0.003558040347176, 0.003558040347176, 0.003558040347176, 0.003558040347176, 0.003558040347176, 0.003558040347176, 0.003558040347176, 0.003558040347176, 0.003558040347176, 0.003558040347176, 0.003558040347176, 0.003558040347176, 0.003558040347176, 0.003558040347176],
    "best_fitness_value": 0.003558040347176,
    "average_fitness_value": 0.003558040347175999
}