{
    "best_fitness_value_per_run": [0.16968744717405, 0.161025357339399, 0.163003588928222, 0.166498898982115, 0.16907161681738, 0.158962943936133, 0.170100927593042, 0.16873008702144, 0.152423913784127, 0.157485284771143, 0.170504701050319, 0.170410796776229, 0.164126344186296, 0.16220761802744, 0.162024882341695, 0.161872370729072, 0.161236693106103, 0.153877515913378, 0.162023197228105, 0.169699081742076, 0.160863402721288, 0.164473564590263, 0.161500953421643, 0.158186189366037, 0.161103062385494, 0.165340613728754, 0.155023800577436, 0.164552252470835, 0.158995466076521, 0.172346203386427],
    "best_fitness_value": 0.152423913784127,
    "average_fitness_value": 0.16324529253908207
}