{
    "best_fitness_value_per_run": [0.140881190439203, 0.140881190439203, 0.140881190439203, 0.140881190439203, 0.140881190439203, 0.140881190439203, 0.140881190439203, 0.140881190439203, 0.140881190439203, 0.140881190439203, 0.140881190439203, 0.140881190439203, 0.140881190439203, 0.140881190439203, 0.140881190439203, 0.140881190439203, 0.140881190439203, 0.140881190439203, 0.140881190439203, 0.140881190439203, 0.140881190439203, 0.140881190439203, 0.140881190439203, 0.140881190439203, 0.140881190439203, 0.140881190439203, 0.140881190439203, 0.140881190439203, 0.140881190439203, 0.140881190439203],
    "best_fitness_value": 0.140881190439203,
    "average_fitness_value": 0.140881190439203
}