{
    "best_fitness_value_per_run": [0.204611474183841, 0.215415523968567, 0.208971212958944, 0.215801584269288, 0.214836953894757, 0.213607008364711, 0.183899962004923, 0.19950469765421, 0.211674358881775, 0.217992110913937, 0.198370586103574, 0.218270614209389, 0.198591724636742, 0.200021875981434, 0.219068150536941, 0.182264485235055, 0.205195295376018, 0.196193509299894, 0.224863806652523, 0.201982865868202, 0.212091251600692, 0.187764032062126, 0.20210326495717, 0.213748835393657, 0.224992327048048, 0.212412238661184, 0.222290392018707, 0.205174958990338, 0.202790691790479, 0.21295931214394],
    "best_fitness_value": 0.182264485235055,
    "average_fitness_value": 0.20758217018870218
}