{
    "best_fitness_value_per_run": [0.012228883218834, 0.013695022045955, 0.012489143627306, 0.012339907893636, 0.012378959173353, 0.012187393519696, 0.012355678227746, 0.012312312797734, 0.012727012728031, 0.01240271598292, 0.012456722453542, 0.012814544858331, 0.01195563984305, 0.012500002245763, 0.012083542489248, 0.012887643999022, 0.012312312797734, 0.012452321126221, 0.012312361435341, 0.0134450351942, 0.012162663637085, 0.012187393519696, 0.012172058268388, 0.012089736285891, 0.01195563984305, 0.01195563984305, 0.012365066125742, 0.012355678227746, 0.012614715839377, 0.012492008829329, 0.013228876986983, 0.012713786943466, 0.012716753766341, 0.012580395498181, 0.012677535884863, 0.012553081872473, 0.012710950588544, 0.0119258505471, 0.012492634520362, 0.012626677945363, 0.012433198397324, 0.012319812595534, 0.013370295213419, 0.013138199865379, 0.012832631811109, 0.013143784878058, 0.012567244176206, 0.012319812595534, 0.013012748223946, 0.01342535618505, 0.016003129884691, 0.014258889476034, 0.012842299372638, 0.02219162623275, 0.015379927840493, 0.018598700584554, 0.01332300217815, 0.015212797705746, 0.015429458449469, 0.015410898880586, 0.019667141127061, 0.018986746016156, 0.015185826361623, 0.020498195455892, 0.02289779535751, 0.01532170803085, 0.015623087939009, 0.019355635919776, 0.015433888848, 0.020087126832569, 0.023280878563144, 0.017854996398065, 0.014191009044058, 0.022930786579136, 0.016989545432872, 0.022144143591615, 0.016469109859312, 0.018474702792855, 0.024628215269304, 0.024551750616884],
    "best_fitness_value": 0.0119258505471,
    "average_fitness_value": 0.014633755065163175
}