{
    "best_fitness_value_per_run": [0.041001669932887, 0.066649142296043, 0.04000028551886, 0.062987817675738, 0.04774771129259, 0.041025761715503, 0.046267566046365, 0.037809219031718, 0.051482130949041, 0.055932264901849, 0.036141729999603, 0.032961545198957, 0.052268111771439, 0.034871039285085, 0.049255277655469, 0.034952718692439, 0.032829887861846, 0.033695454722036, 0.036190344849947, 0.03320649335881, 0.057259330555218, 0.039993907995162, 0.047947090013514, 0.049487913740596, 0.033412352401224, 0.049868404827885, 0.031648450656667, 0.054516053775447, 0.041052805800642, 0.038159737124097, 0.050068809551235, 0.040966929269748, 0.053171346852001, 0.042261537110997, 0.033609232907617, 0.027692132107907, 0.031331576285226, 0.029917484750439, 0.030297035727969, 0.050069422883915, 0.034172469248958, 0.030203864213044, 0.025182167387521, 0.024353956624314, 0.020814164142274, 0.027622552819129, 0.031270598012207, 0.024909978839038, 0.024415569625593, 0.029091211142625, 0.021540974879533, 0.023968132996352, 0.021744289159828, 0.018556849167557, 0.027356536307278, 0.018118700652164, 0.020824108630181, 0.018285893987834, 0.018831005186624, 0.02693862340185, 0.016217875202255, 0.015801270744315, 0.01600678288244, 0.016202252591139, 0.016582635496917, 0.01687691745998, 0.015920647031573, 0.015794828326202, 0.01678920156445, 0.015466201188515, 0.018700384016733, 0.015930438216465, 0.019979241186743, 0.019047182705349, 0.015994857388607, 0.014670811526303, 0.014567351630948, 0.015936485114248, 0.013747258185211, 0.015624393774197],
    "best_fitness_value": 0.013747258185211,
    "average_fitness_value": 0.031425829871877815
}