{
    "best_fitness_value_per_run": [0.0119258505471, 0.0119258505471, 0.0119258505471, 0.0119258505471, 0.0119258505471, 0.0119258505471, 0.0119258505471, 0.0119258505471, 0.0119258505471, 0.0119258505471],
    "best_fitness_value": 0.0119258505471,
    "average_fitness_value": 0.011925850547100002
}